{
  "PUMP": 0.003199,
  "SOL": 182.0,
  "GIGA": 0.01693,
  "FWOG": 0.05311,
  "POPCAT": 0.3413,
  "TRUMP": 9.59,
  "PENGU": 0.03867,
  "USDT": 1.0,
  "Fartcoin": 1.10,
  "SPX": 1.97,
  "Mog": 0.000001587,
  "USDC": 1.0,
  "WIF": 0.0002079,
  "BULLIEVE": 0.0004478
}
